,year,month,stateid,price,price-units
0,,,HI,0.0,cents per kilowatt-hour
5,,,ID,11.53,cents per kilowatt-hour
6,,,ID,0.0,cents per kilowatt-hour
11,,,IL,14.84,cents per kilowatt-hour
12,,,IL,7.29,cents per kilowatt-hour
17,,,IN,14.58,cents per kilowatt-hour
18,,,IN,11.56,cents per kilowatt-hour
23,,,IA,11.95,cents per kilowatt-hour
24,,,IA,0.0,cents per kilowatt-hour
29,,,KS,12.72,cents per kilowatt-hour
30,,,KS,0.0,cents per kilowatt-hour
35,,,KY,12.34,cents per kilowatt-hour
36,,,KY,0.0,cents per kilowatt-hour
41,,,LA,11.21,cents per kilowatt-hour
42,,,LA,11.22,cents per kilowatt-hour
47,,,ME,27.99,cents per kilowatt-hour
48,,,ME,0.0,cents per kilowatt-hour
53,,,MD,17.46,cents per kilowatt-hour
56,,,WY,12.49,cents per kilowatt-hour
57,,,WY,0.0,cents per kilowatt-hour
62,,,NEW,28.05,cents per kilowatt-hour
63,,,NEW,10.94,cents per kilowatt-hour
68,,,MAT,19.67,cents per kilowatt-hour
69,,,MAT,14.21,cents per kilowatt-hour
74,,,ENC,16.51,cents per kilowatt-hour
75,,,ENC,7.35,cents per kilowatt-hour
80,,,WNC,13.22,cents per kilowatt-hour
81,,,WNC,12.44,cents per kilowatt-hour
86,,,SAT,15.0,cents per kilowatt-hour
87,,,SAT,10.25,cents per kilowatt-hour
92,,,ESC,13.48,cents per kilowatt-hour
93,,,ESC,0.0,cents per kilowatt-hour
98,,,WSC,14.18,cents per kilowatt-hour
99,,,WSC,7.34,cents per kilowatt-hour
106,,,LA,11.42,cents per kilowatt-hour
107,,,LA,10.52,cents per kilowatt-hour
112,,,ME,26.79,cents per kilowatt-hour
113,,,ME,0.0,cents per kilowatt-hour
118,,,MD,16.95,cents per kilowatt-hour
119,,,MD,11.44,cents per kilowatt-hour
124,,,MA,28.18,cents per kilowatt-hour
125,,,MA,6.79,cents per kilowatt-hour
130,,,MI,19.49,cents per kilowatt-hour
131,,,MI,13.71,cents per kilowatt-hour
136,,,MN,15.44,cents per kilowatt-hour
137,,,MN,12.53,cents per kilowatt-hour
142,,,NJ,16.89,cents per kilowatt-hour
143,,,NJ,14.36,cents per kilowatt-hour
144,,,MAT,14.82,cents per kilowatt-hour
149,,,ENC,16.18,cents per kilowatt-hour
150,,,ENC,5.94,cents per kilowatt-hour
155,,,WNC,12.67,cents per kilowatt-hour
156,,,WNC,10.47,cents per kilowatt-hour
161,,,SAT,14.54,cents per kilowatt-hour
162,,,SAT,10.21,cents per kilowatt-hour
167,,,ESC,13.53,cents per kilowatt-hour
168,,,ESC,0.0,cents per kilowatt-hour
173,,,NM,13.27,cents per kilowatt-hour
174,,,NM,0.0,cents per kilowatt-hour
179,,,NY,23.62,cents per kilowatt-hour
180,,,NY,14.75,cents per kilowatt-hour
185,,,NC,12.37,cents per kilowatt-hour
186,,,NC,7.69,cents per kilowatt-hour
194,,,WSC,13.86,cents per kilowatt-hour
195,,,WSC,7.77,cents per kilowatt-hour
200,,,MTN,13.85,cents per kilowatt-hour
201,,,MTN,12.57,cents per kilowatt-hour
206,,,PACC,21.57,cents per kilowatt-hour
207,,,PACC,13.17,cents per kilowatt-hour
212,,,PACN,35.06,cents per kilowatt-hour
213,,,PACN,0.0,cents per kilowatt-hour
218,,,US,16.19,cents per kilowatt-hour
219,,,US,12.6,cents per kilowatt-hour
223,,,AZ,14.3,cents per kilowatt-hour
224,,,AZ,10.45,cents per kilowatt-hour
229,,,AR,12.32,cents per kilowatt-hour
230,,,AR,15.12,cents per kilowatt-hour
235,,,CA,29.82,cents per kilowatt-hour
236,,,CA,13.12,cents per kilowatt-hour
241,,,CO,14.34,cents per kilowatt-hour
242,,,CO,11.3,cents per kilowatt-hour
249,,,ME,27.56,cents per kilowatt-hour
250,,,ME,0.0,cents per kilowatt-hour
255,,,MD,17.0,cents per kilowatt-hour
256,,,MD,11.16,cents per kilowatt-hour
261,,,MA,27.52,cents per kilowatt-hour
262,,,MA,7.28,cents per kilowatt-hour
267,,,MI,19.38,cents per kilowatt-hour
268,,,MI,13.85,cents per kilowatt-hour
273,,,MN,15.68,cents per kilowatt-hour
274,,,MN,13.9,cents per kilowatt-hour
281,,,CT,31.36,cents per kilowatt-hour
282,,,CT,16.12,cents per kilowatt-hour
287,,,DE,16.62,cents per kilowatt-hour
288,,,DE,0.0,cents per kilowatt-hour
293,,,DC,17.09,cents per kilowatt-hour
294,,,DC,10.39,cents per kilowatt-hour
299,,,FL,15.09,cents per kilowatt-hour
300,,,FL,11.49,cents per kilowatt-hour
302,,,MS,13.27,cents per kilowatt-hour
303,,,MS,0.0,cents per kilowatt-hour
308,,,MO,14.1,cents per kilowatt-hour
309,,,MO,9.7,cents per kilowatt-hour
314,,,MT,13.16,cents per kilowatt-hour
315,,,MT,0.0,cents per kilowatt-hour
320,,,MTN,13.86,cents per kilowatt-hour
321,,,MTN,12.92,cents per kilowatt-hour
322,,,IN,14.0,cents per kilowatt-hour
323,,,IN,11.86,cents per kilowatt-hour
328,,,IA,11.85,cents per kilowatt-hour
329,,,IA,0.0,cents per kilowatt-hour
334,,,KS,13.04,cents per kilowatt-hour
335,,,KS,0.0,cents per kilowatt-hour
340,,,KY,12.51,cents per kilowatt-hour
341,,,KY,0.0,cents per kilowatt-hour
346,,,LA,10.82,cents per kilowatt-hour
351,,,PACC,23.84,cents per kilowatt-hour
352,,,PACC,14.42,cents per kilowatt-hour
357,,,PACN,35.18,cents per kilowatt-hour
358,,,PACN,0.0,cents per kilowatt-hour
359,,,MD,11.7,cents per kilowatt-hour
364,,,MA,28.94,cents per kilowatt-hour
365,,,MA,6.94,cents per kilowatt-hour
370,,,MI,18.7,cents per kilowatt-hour
371,,,MI,13.68,cents per kilowatt-hour
376,,,MN,14.09,cents per kilowatt-hour
377,,,MN,10.52,cents per kilowatt-hour
382,,,MS,13.06,cents per kilowatt-hour
383,,,MS,0.0,cents per kilowatt-hour
388,,,MO,11.33,cents per kilowatt-hour
389,,,MO,8.63,cents per kilowatt-hour
395,,,NH,25.58,cents per kilowatt-hour
396,,,NH,0.0,cents per kilowatt-hour
401,,,NJ,17.47,cents per kilowatt-hour
402,,,NJ,11.59,cents per kilowatt-hour
405,,,LA,10.48,cents per kilowatt-hour
409,,,SD,13.07,cents per kilowatt-hour
410,,,SD,0.0,cents per kilowatt-hour
415,,,TN,11.93,cents per kilowatt-hour
416,,,TN,0.0,cents per kilowatt-hour
421,,,TX,14.17,cents per kilowatt-hour
422,,,TX,6.75,cents per kilowatt-hour
427,,,UT,11.67,cents per kilowatt-hour
428,,,UT,12.32,cents per kilowatt-hour
433,,,VT,20.47,cents per kilowatt-hour
434,,,VT,0.0,cents per kilowatt-hour
439,,,VA,13.85,cents per kilowatt-hour
440,,,VA,10.36,cents per kilowatt-hour
445,,,WA,11.14,cents per kilowatt-hour
446,,,WA,10.19,cents per kilowatt-hour
451,,,WV,14.2,cents per kilowatt-hour
452,,,WV,0.0,cents per kilowatt-hour
457,,,WI,17.19,cents per kilowatt-hour
458,,,WI,18.57,cents per kilowatt-hour
463,,,WY,12.45,cents per kilowatt-hour
464,,,WY,0.0,cents per kilowatt-hour
468,,,WSC,13.89,cents per kilowatt-hour
469,,,WSC,7.35,cents per kilowatt-hour
474,,,MTN,13.0,cents per kilowatt-hour
475,,,MTN,12.94,cents per kilowatt-hour
480,,,PACC,19.38,cents per kilowatt-hour
481,,,PACC,11.8,cents per kilowatt-hour
486,,,PACN,34.05,cents per kilowatt-hour
487,,,PACN,0.0,cents per kilowatt-hour
492,,,US,15.98,cents per kilowatt-hour
493,,,US,13.14,cents per kilowatt-hour
498,,,AL,14.54,cents per kilowatt-hour
499,,,AL,0.0,cents per kilowatt-hour
504,,,AK,23.44,cents per kilowatt-hour
505,,,AK,0.0,cents per kilowatt-hour
510,,,AZ,14.12,cents per kilowatt-hour
511,,,AZ,9.28,cents per kilowatt-hour
517,,,ME,25.37,cents per kilowatt-hour
518,,,ME,0.0,cents per kilowatt-hour
523,,,MD,16.39,cents per kilowatt-hour
524,,,MD,11.17,cents per kilowatt-hour
529,,,MA,28.02,cents per kilowatt-hour
530,,,MA,6.75,cents per kilowatt-hour
535,,,MI,19.57,cents per kilowatt-hour
537,,,ND,9.95,cents per kilowatt-hour
538,,,ND,0.0,cents per kilowatt-hour
543,,,OH,14.3,cents per kilowatt-hour
544,,,OH,5.51,cents per kilowatt-hour
550,,,RI,23.54,cents per kilowatt-hour
551,,,RI,16.69,cents per kilowatt-hour
556,,,SC,13.9,cents per kilowatt-hour
557,,,SC,0.0,cents per kilowatt-hour
562,,,SD,11.92,cents per kilowatt-hour
563,,,SD,0.0,cents per kilowatt-hour
568,,,TN,11.86,cents per kilowatt-hour
569,,,TN,0.0,cents per kilowatt-hour
574,,,TX,14.36,cents per kilowatt-hour
575,,,TX,7.14,cents per kilowatt-hour
580,,,UT,10.84,cents per kilowatt-hour
581,,,UT,12.2,cents per kilowatt-hour
586,,,VT,20.75,cents per kilowatt-hour
587,,,OK,13.04,cents per kilowatt-hour
588,,,OK,0.0,cents per kilowatt-hour
593,,,OR,13.29,cents per kilowatt-hour
594,,,OR,11.66,cents per kilowatt-hour
599,,,PA,18.44,cents per kilowatt-hour
600,,,PA,10.83,cents per kilowatt-hour
605,,,RI,30.08,cents per kilowatt-hour
606,,,RI,17.42,cents per kilowatt-hour
611,,,SC,14.0,cents per kilowatt-hour
612,,,SC,0.0,cents per kilowatt-hour
617,,,SD,13.05,cents per kilowatt-hour
618,,,SD,0.0,cents per kilowatt-hour
623,,,PACC,21.13,cents per kilowatt-hour
624,,,PACC,11.63,cents per kilowatt-hour
629,,,PACN,34.25,cents per kilowatt-hour
630,,,PACN,0.0,cents per kilowatt-hour
635,,,US,16.04,cents per kilowatt-hour
636,,,US,12.28,cents per kilowatt-hour
641,,,AL,14.16,cents per kilowatt-hour
642,,,AL,0.0,cents per kilowatt-hour
647,,,AK,24.22,cents per kilowatt-hour
648,,,AK,0.0,cents per kilowatt-hour
652,,,GA,13.96,cents per kilowatt-hour
653,,,GA,5.94,cents per kilowatt-hour
658,,,HI,42.26,cents per kilowatt-hour
659,,,HI,0.0,cents per kilowatt-hour
665,,,TN,12.49,cents per kilowatt-hour
666,,,TN,0.0,cents per kilowatt-hour
671,,,TX,14.89,cents per kilowatt-hour
672,,,TX,7.17,cents per kilowatt-hour
677,,,UT,11.23,cents per kilowatt-hour
678,,,UT,12.32,cents per kilowatt-hour
683,,,VT,22.11,cents per kilowatt-hour
684,,,VT,0.0,cents per kilowatt-hour
689,,,VA,14.16,cents per kilowatt-hour
691,,,ID,10.72,cents per kilowatt-hour
692,,,ID,0.0,cents per kilowatt-hour
697,,,IL,17.86,cents per kilowatt-hour
698,,,IL,7.25,cents per kilowatt-hour
703,,,IN,15.12,cents per kilowatt-hour
704,,,IN,0.0,cents per kilowatt-hour
709,,,IA,14.29,cents per kilowatt-hour
710,,,IA,0.0,cents per kilowatt-hour
715,,,KS,13.86,cents per kilowatt-hour
716,,,KS,0.0,cents per kilowatt-hour
721,,,KY,12.69,cents per kilowatt-hour
722,,,KY,0.0,cents per kilowatt-hour
727,,,LA,11.72,cents per kilowatt-hour
728,,,LA,11.47,cents per kilowatt-hour
733,,,ME,29.19,cents per kilowatt-hour
734,,,ME,0.0,cents per kilowatt-hour
739,,,MD,16.08,cents per kilowatt-hour
740,,,MD,11.33,cents per kilowatt-hour
745,,,MA,29.39,cents per kilowatt-hour
746,,,MA,7.51,cents per kilowatt-hour
751,,,MI,18.7,cents per kilowatt-hour
752,,,MI,14.07,cents per kilowatt-hour
754,,,MI,14.12,cents per kilowatt-hour
759,,,MN,15.61,cents per kilowatt-hour
763,,,AL,14.67,cents per kilowatt-hour
764,,,AL,0.0,cents per kilowatt-hour
769,,,AK,24.79,cents per kilowatt-hour
770,,,AK,0.0,cents per kilowatt-hour
775,,,AZ,14.28,cents per kilowatt-hour
776,,,AZ,11.46,cents per kilowatt-hour
781,,,AR,12.46,cents per kilowatt-hour
782,,,AR,16.8,cents per kilowatt-hour
787,,,CA,31.24,cents per kilowatt-hour
788,,,CA,11.85,cents per kilowatt-hour
793,,,CO,14.63,cents per kilowatt-hour
794,,,CO,14.98,cents per kilowatt-hour
799,,,CT,31.85,cents per kilowatt-hour
800,,,CT,16.63,cents per kilowatt-hour
805,,,MN,13.4,cents per kilowatt-hour
810,,,MS,12.7,cents per kilowatt-hour
811,,,MS,0.0,cents per kilowatt-hour
816,,,MO,14.25,cents per kilowatt-hour
817,,,MO,12.18,cents per kilowatt-hour
822,,,MT,12.93,cents per kilowatt-hour
823,,,MT,0.0,cents per kilowatt-hour
828,,,NE,12.19,cents per kilowatt-hour
829,,,NE,0.0,cents per kilowatt-hour
834,,,NV,16.48,cents per kilowatt-hour
835,,,NV,12.87,cents per kilowatt-hour
840,,,NH,26.13,cents per kilowatt-hour
841,,,NH,0.0,cents per kilowatt-hour
846,,,NJ,18.51,cents per kilowatt-hour
847,,,NJ,12.18,cents per kilowatt-hour
852,,,NM,14.41,cents per kilowatt-hour
853,,,NM,0.0,cents per kilowatt-hour
858,,,NY,22.26,cents per kilowatt-hour
859,,,NY,16.34,cents per kilowatt-hour
864,,,NC,12.7,cents per kilowatt-hour
865,,,NC,9.43,cents per kilowatt-hour
868,,,DE,15.99,cents per kilowatt-hour
869,,,DE,0.0,cents per kilowatt-hour
874,,,DC,16.55,cents per kilowatt-hour
875,,,DC,9.04,cents per kilowatt-hour
880,,,FL,15.23,cents per kilowatt-hour
881,,,FL,11.27,cents per kilowatt-hour
886,,,GA,14.59,cents per kilowatt-hour
887,,,GA,7.57,cents per kilowatt-hour
892,,,HI,41.74,cents per kilowatt-hour
893,,,HI,0.0,cents per kilowatt-hour
898,,,ID,11.71,cents per kilowatt-hour
899,,,ID,0.0,cents per kilowatt-hour
904,,,IL,15.08,cents per kilowatt-hour
905,,,IL,7.14,cents per kilowatt-hour
910,,,IN,14.67,cents per kilowatt-hour
911,,,IN,11.56,cents per kilowatt-hour
916,,,IA,15.11,cents per kilowatt-hour
917,,,IA,0.0,cents per kilowatt-hour
922,,,KS,13.33,cents per kilowatt-hour
923,,,KS,0.0,cents per kilowatt-hour
928,,,KY,12.65,cents per kilowatt-hour
929,,,KY,0.0,cents per kilowatt-hour
934,,,ND,12.55,cents per kilowatt-hour
935,,,ND,0.0,cents per kilowatt-hour
940,,,OH,15.63,cents per kilowatt-hour
941,,,OH,6.34,cents per kilowatt-hour
946,,,OK,13.1,cents per kilowatt-hour
947,,,OK,0.0,cents per kilowatt-hour
952,,,OR,13.02,cents per kilowatt-hour
953,,,OR,11.4,cents per kilowatt-hour
958,,,PA,17.89,cents per kilowatt-hour
959,,,PA,11.02,cents per kilowatt-hour
964,,,RI,25.54,cents per kilowatt-hour
965,,,RI,16.75,cents per kilowatt-hour
970,,,SC,13.41,cents per kilowatt-hour
971,,,SC,0.0,cents per kilowatt-hour
973,,,VA,9.98,cents per kilowatt-hour
978,,,WA,11.33,cents per kilowatt-hour
979,,,WA,10.12,cents per kilowatt-hour
984,,,WV,15.05,cents per kilowatt-hour
985,,,WV,0.0,cents per kilowatt-hour
990,,,WI,17.14,cents per kilowatt-hour
991,,,WI,21.34,cents per kilowatt-hour
996,,,LA,11.25,cents per kilowatt-hour
997,,,LA,11.28,cents per kilowatt-hour
1002,,,AZ,14.42,cents per kilowatt-hour
1003,,,AZ,9.63,cents per kilowatt-hour
1008,,,AR,11.54,cents per kilowatt-hour
1009,,,AR,15.18,cents per kilowatt-hour
1014,,,CA,29.12,cents per kilowatt-hour
1015,,,CA,13.09,cents per kilowatt-hour
1020,,,CO,14.18,cents per kilowatt-hour
1021,,,CO,12.39,cents per kilowatt-hour
1026,,,CT,26.89,cents per kilowatt-hour
1027,,,CT,19.57,cents per kilowatt-hour
1032,,,DE,16.3,cents per kilowatt-hour
1033,,,DE,0.0,cents per kilowatt-hour
1038,,,DC,17.82,cents per kilowatt-hour
1039,,,DC,10.57,cents per kilowatt-hour
1044,,,FL,15.2,cents per kilowatt-hour
1045,,,FL,11.31,cents per kilowatt-hour
1050,,,GA,12.72,cents per kilowatt-hour
1051,,,GA,6.2,cents per kilowatt-hour
1056,,,HI,41.6,cents per kilowatt-hour
1057,,,TX,7.28,cents per kilowatt-hour
1062,,,UT,10.86,cents per kilowatt-hour
1063,,,UT,12.21,cents per kilowatt-hour
1068,,,VT,20.38,cents per kilowatt-hour
1069,,,VT,0.0,cents per kilowatt-hour
1074,,,VA,14.67,cents per kilowatt-hour
1075,,,VA,11.06,cents per kilowatt-hour
1080,,,WA,10.79,cents per kilowatt-hour
1081,,,WA,10.65,cents per kilowatt-hour
1086,,,WV,14.23,cents per kilowatt-hour
1087,,,WV,0.0,cents per kilowatt-hour
1092,,,WI,16.47,cents per kilowatt-hour
1093,,,WI,16.2,cents per kilowatt-hour
1098,,,WY,10.68,cents per kilowatt-hour
1099,,,WY,0.0,cents per kilowatt-hour
1104,,,NEW,31.25,cents per kilowatt-hour
1105,,,NEW,14.92,cents per kilowatt-hour
1110,,,MAT,19.09,cents per kilowatt-hour
1111,,,MAT,13.57,cents per kilowatt-hour
1116,,,ENC,16.45,cents per kilowatt-hour
1117,,,ENC,7.33,cents per kilowatt-hour
1120,,,NE,11.67,cents per kilowatt-hour
1121,,,NE,0.0,cents per kilowatt-hour
1126,,,NV,14.63,cents per kilowatt-hour
1127,,,NV,12.48,cents per kilowatt-hour
1132,,,NH,25.49,cents per kilowatt-hour
1133,,,NH,0.0,cents per kilowatt-hour
1138,,,NJ,17.46,cents per kilowatt-hour
1139,,,NJ,11.2,cents per kilowatt-hour
1144,,,NM,14.12,cents per kilowatt-hour
1145,,,NM,0.0,cents per kilowatt-hour
1150,,,NY,21.99,cents per kilowatt-hour
1151,,,NY,15.26,cents per kilowatt-hour
1156,,,NC,14.4,cents per kilowatt-hour
1157,,,NC,10.14,cents per kilowatt-hour
1162,,,ND,11.71,cents per kilowatt-hour
1163,,,ND,0.0,cents per kilowatt-hour
1170,,,AL,14.55,cents per kilowatt-hour
1171,,,AL,0.0,cents per kilowatt-hour
1176,,,AK,24.91,cents per kilowatt-hour
1177,,,AK,0.0,cents per kilowatt-hour
1181,,,DC,15.7,cents per kilowatt-hour
1182,,,DC,10.47,cents per kilowatt-hour
1187,,,FL,15.82,cents per kilowatt-hour
1188,,,FL,10.35,cents per kilowatt-hour
1193,,,GA,13.53,cents per kilowatt-hour
1198,,,SC,13.98,cents per kilowatt-hour
1199,,,SC,0.0,cents per kilowatt-hour
1204,,,SD,13.18,cents per kilowatt-hour
1205,,,SD,0.0,cents per kilowatt-hour
1214,,,WNC,12.12,cents per kilowatt-hour
1215,,,WNC,10.31,cents per kilowatt-hour
1220,,,SAT,14.2,cents per kilowatt-hour
1221,,,SAT,10.11,cents per kilowatt-hour
1226,,,ESC,13.17,cents per kilowatt-hour
1227,,,ESC,0.0,cents per kilowatt-hour
1232,,,WSC,13.75,cents per kilowatt-hour
1233,,,WSC,7.51,cents per kilowatt-hour
1238,,,MD,16.02,cents per kilowatt-hour
1239,,,MD,11.1,cents per kilowatt-hour
1244,,,MA,27.43,cents per kilowatt-hour
1245,,,MA,6.62,cents per kilowatt-hour
1250,,,MI,19.43,cents per kilowatt-hour
1251,,,MI,14.05,cents per kilowatt-hour
1256,,,MN,15.6,cents per kilowatt-hour
1257,,,MN,13.49,cents per kilowatt-hour
1262,,,MS,12.82,cents per kilowatt-hour
1263,,,MS,0.0,cents per kilowatt-hour
1268,,,OH,15.89,cents per kilowatt-hour
1269,,,OH,6.72,cents per kilowatt-hour
1274,,,WV,14.42,cents per kilowatt-hour
1275,,,WV,0.0,cents per kilowatt-hour
1280,,,WI,16.85,cents per kilowatt-hour
1281,,,WI,15.74,cents per kilowatt-hour
1286,,,WY,11.59,cents per kilowatt-hour
1287,,,WY,0.0,cents per kilowatt-hour
1292,,,NEW,27.47,cents per kilowatt-hour
1293,,,NEW,10.68,cents per kilowatt-hour
1298,,,MAT,19.76,cents per kilowatt-hour
1299,,,GA,5.92,cents per kilowatt-hour
1304,,,HI,44.24,cents per kilowatt-hour
1305,,,HI,0.0,cents per kilowatt-hour
1310,,,ID,10.19,cents per kilowatt-hour
1311,,,ID,0.0,cents per kilowatt-hour
1313,,,WNC,14.21,cents per kilowatt-hour
1314,,,WNC,12.64,cents per kilowatt-hour
1319,,,SAT,14.28,cents per kilowatt-hour
1320,,,SAT,10.53,cents per kilowatt-hour
1325,,,ESC,12.79,cents per kilowatt-hour
1326,,,ESC,0.0,cents per kilowatt-hour
1331,,,WSC,13.56,cents per kilowatt-hour
1332,,,WSC,7.01,cents per kilowatt-hour
1337,,,MTN,13.92,cents per kilowatt-hour
1338,,,MTN,13.11,cents per kilowatt-hour
1343,,,PACC,24.22,cents per kilowatt-hour
1344,,,PACC,13.51,cents per kilowatt-hour
1349,,,PACN,34.22,cents per kilowatt-hour
1350,,,PACN,0.0,cents per kilowatt-hour
1355,,,US,15.91,cents per kilowatt-hour
1358,,,AR,12.73,cents per kilowatt-hour
1359,,,AR,13.2,cents per kilowatt-hour
1364,,,CA,31.78,cents per kilowatt-hour
1365,,,CA,14.92,cents per kilowatt-hour
1371,,,RI,17.44,cents per kilowatt-hour
1376,,,SC,14.04,cents per kilowatt-hour
1377,,,SC,0.0,cents per kilowatt-hour
1382,,,SD,13.24,cents per kilowatt-hour
1383,,,SD,0.0,cents per kilowatt-hour
1388,,,TN,11.78,cents per kilowatt-hour
1389,,,TN,0.0,cents per kilowatt-hour
1394,,,TX,14.68,cents per kilowatt-hour
1395,,,TX,7.49,cents per kilowatt-hour
1400,,,UT,11.85,cents per kilowatt-hour
1401,,,UT,12.33,cents per kilowatt-hour
1406,,,VT,21.21,cents per kilowatt-hour
1407,,,VT,0.0,cents per kilowatt-hour
1412,,,VA,14.69,cents per kilowatt-hour
1413,,,VA,9.02,cents per kilowatt-hour
1418,,,WA,11.38,cents per kilowatt-hour
1423,,,TN,12.04,cents per kilowatt-hour
1424,,,TN,0.0,cents per kilowatt-hour
1429,,,TX,14.36,cents per kilowatt-hour
1430,,,TX,7.09,cents per kilowatt-hour
1435,,,UT,10.65,cents per kilowatt-hour
1436,,,UT,12.41,cents per kilowatt-hour
1441,,,VT,19.96,cents per kilowatt-hour
1442,,,VT,0.0,cents per kilowatt-hour
1447,,,VA,13.96,cents per kilowatt-hour
1448,,,VA,12.21,cents per kilowatt-hour
1453,,,WA,10.49,cents per kilowatt-hour
1454,,,WA,10.06,cents per kilowatt-hour
1459,,,NEW,27.11,cents per kilowatt-hour
1460,,,NEW,13.43,cents per kilowatt-hour
1465,,,MAT,19.74,cents per kilowatt-hour
1466,,,MAT,15.18,cents per kilowatt-hour
1471,,,ENC,15.72,cents per kilowatt-hour
1472,,,ENC,6.79,cents per kilowatt-hour
1479,,,UT,10.79,cents per kilowatt-hour
1480,,,UT,12.41,cents per kilowatt-hour
1485,,,VT,20.28,cents per kilowatt-hour
1486,,,VT,0.0,cents per kilowatt-hour
1491,,,VA,14.32,cents per kilowatt-hour
1492,,,VA,11.32,cents per kilowatt-hour
1495,,,US,13.26,cents per kilowatt-hour
1500,,,AL,14.89,cents per kilowatt-hour
1501,,,AL,0.0,cents per kilowatt-hour
1505,,,DC,16.06,cents per kilowatt-hour
1506,,,DC,10.76,cents per kilowatt-hour
1511,,,FL,14.65,cents per kilowatt-hour
1512,,,FL,11.66,cents per kilowatt-hour
1517,,,GA,13.49,cents per kilowatt-hour
1518,,,GA,6.29,cents per kilowatt-hour
1523,,,HI,44.06,cents per kilowatt-hour
1524,,,HI,0.0,cents per kilowatt-hour
1529,,,ID,10.03,cents per kilowatt-hour
1530,,,ID,0.0,cents per kilowatt-hour
1535,,,IL,17.38,cents per kilowatt-hour
1536,,,IL,6.87,cents per kilowatt-hour
1541,,,IN,16.02,cents per kilowatt-hour
1542,,,IN,13.1,cents per kilowatt-hour
1547,,,IA,11.99,cents per kilowatt-hour
1548,,,IA,0.0,cents per kilowatt-hour
1553,,,KS,13.72,cents per kilowatt-hour
1554,,,KS,0.0,cents per kilowatt-hour
1559,,,KY,12.28,cents per kilowatt-hour
1560,,,WA,10.02,cents per kilowatt-hour
1567,,,AR,12.36,cents per kilowatt-hour
1568,,,AR,15.83,cents per kilowatt-hour
1573,,,CA,29.7,cents per kilowatt-hour
1574,,,CA,11.51,cents per kilowatt-hour
1579,,,CO,13.53,cents per kilowatt-hour
1580,,,CO,12.4,cents per kilowatt-hour
1585,,,CT,34.48,cents per kilowatt-hour
1586,,,CT,17.33,cents per kilowatt-hour
1591,,,DE,15.47,cents per kilowatt-hour
1592,,,DE,0.0,cents per kilowatt-hour
1597,,,DC,15.3,cents per kilowatt-hour
1598,,,DC,9.86,cents per kilowatt-hour
1603,,,FL,15.72,cents per kilowatt-hour
1604,,,FL,12.24,cents per kilowatt-hour
1609,,,GA,13.25,cents per kilowatt-hour
1610,,,GA,5.82,cents per kilowatt-hour
1615,,,HI,43.18,cents per kilowatt-hour
1616,,,HI,0.0,cents per kilowatt-hour
1621,,,ID,10.18,cents per kilowatt-hour
1622,,,KY,0.0,cents per kilowatt-hour
1627,,,LA,11.87,cents per kilowatt-hour
1628,,,LA,11.09,cents per kilowatt-hour
1633,,,ME,29.37,cents per kilowatt-hour
1634,,,ME,0.0,cents per kilowatt-hour
1639,,,MD,15.85,cents per kilowatt-hour
1640,,,MD,10.36,cents per kilowatt-hour
1645,,,MA,32.72,cents per kilowatt-hour
1646,,,MA,7.27,cents per kilowatt-hour
1651,,,MI,18.23,cents per kilowatt-hour
1652,,,MI,13.64,cents per kilowatt-hour
1657,,,MN,13.94,cents per kilowatt-hour
1658,,,MN,12.48,cents per kilowatt-hour
1663,,,MS,13.8,cents per kilowatt-hour
1664,,,MS,0.0,cents per kilowatt-hour
1669,,,MO,11.46,cents per kilowatt-hour
1670,,,MO,8.22,cents per kilowatt-hour
1675,,,MT,12.13,cents per kilowatt-hour
1676,,,MT,0.0,cents per kilowatt-hour
1680,,,NY,20.47,cents per kilowatt-hour
1681,,,NY,15.18,cents per kilowatt-hour
1686,,,NE,11.98,cents per kilowatt-hour
1687,,,NE,0.0,cents per kilowatt-hour
1692,,,NV,17.38,cents per kilowatt-hour
1693,,,NV,13.16,cents per kilowatt-hour
1698,,,NH,29.53,cents per kilowatt-hour
1699,,,NH,0.0,cents per kilowatt-hour
1704,,,NJ,18.19,cents per kilowatt-hour
1705,,,NJ,12.33,cents per kilowatt-hour
1710,,,NM,13.58,cents per kilowatt-hour
1711,,,NM,0.0,cents per kilowatt-hour
1716,,,NY,21.63,cents per kilowatt-hour
1717,,,NY,15.71,cents per kilowatt-hour
1722,,,NC,12.57,cents per kilowatt-hour
1723,,,NC,9.07,cents per kilowatt-hour
1728,,,ND,12.35,cents per kilowatt-hour
1729,,,ND,0.0,cents per kilowatt-hour
1734,,,OH,16.29,cents per kilowatt-hour
1735,,,OH,5.86,cents per kilowatt-hour
1741,,,AL,14.67,cents per kilowatt-hour
1742,,,AL,0.0,cents per kilowatt-hour
1746,,,ID,0.0,cents per kilowatt-hour
1751,,,IL,17.82,cents per kilowatt-hour
1752,,,IL,5.98,cents per kilowatt-hour
1757,,,IN,15.08,cents per kilowatt-hour
1758,,,IN,13.63,cents per kilowatt-hour
1763,,,IA,12.62,cents per kilowatt-hour
1764,,,IA,0.0,cents per kilowatt-hour
1769,,,KS,13.59,cents per kilowatt-hour
1770,,,KS,0.0,cents per kilowatt-hour
1776,,,CO,14.5,cents per kilowatt-hour
1777,,,CO,13.64,cents per kilowatt-hour
1782,,,CT,29.01,cents per kilowatt-hour
1783,,,CT,16.09,cents per kilowatt-hour
1788,,,DE,17.43,cents per kilowatt-hour
1789,,,DE,0.0,cents per kilowatt-hour
1793,,,KY,13.29,cents per kilowatt-hour
1794,,,KY,0.0,cents per kilowatt-hour
1799,,,LA,11.45,cents per kilowatt-hour
1800,,,LA,11.23,cents per kilowatt-hour
1805,,,ME,28.46,cents per kilowatt-hour
1806,,,ME,0.0,cents per kilowatt-hour
1808,,,NC,12.9,cents per kilowatt-hour
1809,,,NC,8.16,cents per kilowatt-hour
1814,,,ND,11.75,cents per kilowatt-hour
1815,,,ND,0.0,cents per kilowatt-hour
1820,,,OH,15.63,cents per kilowatt-hour
1821,,,OH,5.86,cents per kilowatt-hour
1826,,,OK,11.63,cents per kilowatt-hour
1827,,,OK,0.0,cents per kilowatt-hour
1832,,,OR,13.01,cents per kilowatt-hour
1833,,,OR,11.54,cents per kilowatt-hour
1835,,,NY,22.29,cents per kilowatt-hour
1836,,,NY,15.83,cents per kilowatt-hour
1841,,,NC,12.39,cents per kilowatt-hour
1842,,,NC,9.28,cents per kilowatt-hour
1847,,,ND,12.63,cents per kilowatt-hour
1848,,,ND,0.0,cents per kilowatt-hour
1853,,,OH,15.73,cents per kilowatt-hour
1854,,,OH,6.02,cents per kilowatt-hour
1859,,,OK,12.27,cents per kilowatt-hour
1860,,,OK,0.0,cents per kilowatt-hour
1865,,,OR,13.17,cents per kilowatt-hour
1866,,,OR,11.31,cents per kilowatt-hour
1875,,,WY,10.24,cents per kilowatt-hour
1876,,,WY,0.0,cents per kilowatt-hour
1881,,,NEW,29.95,cents per kilowatt-hour
1882,,,NEW,14.42,cents per kilowatt-hour
1887,,,MAT,19.88,cents per kilowatt-hour
1888,,,MAT,14.23,cents per kilowatt-hour
1893,,,ENC,15.8,cents per kilowatt-hour
1894,,,ENC,7.49,cents per kilowatt-hour
1899,,,WNC,11.34,cents per kilowatt-hour
1900,,,WNC,8.9,cents per kilowatt-hour
1905,,,SAT,13.9,cents per kilowatt-hour
1909,,,OK,11.34,cents per kilowatt-hour
1910,,,OK,0.0,cents per kilowatt-hour
1915,,,OR,12.25,cents per kilowatt-hour
1916,,,OR,11.1,cents per kilowatt-hour
1921,,,PA,18.33,cents per kilowatt-hour
1922,,,PA,11.46,cents per kilowatt-hour
1927,,,RI,29.08,cents per kilowatt-hour
1929,,,AK,23.45,cents per kilowatt-hour
1930,,,AK,0.0,cents per kilowatt-hour
1935,,,AZ,13.62,cents per kilowatt-hour
1936,,,AZ,8.96,cents per kilowatt-hour
1941,,,AR,12.21,cents per kilowatt-hour
1942,,,AR,11.18,cents per kilowatt-hour
1947,,,CA,30.39,cents per kilowatt-hour
1948,,,CA,11.79,cents per kilowatt-hour
1953,,,CO,13.8,cents per kilowatt-hour
1954,,,CO,12.37,cents per kilowatt-hour
1959,,,CT,33.06,cents per kilowatt-hour
1960,,,CT,27.22,cents per kilowatt-hour
1965,,,DE,15.33,cents per kilowatt-hour
1966,,,DE,0.0,cents per kilowatt-hour
1969,,,PA,17.94,cents per kilowatt-hour
1970,,,PA,10.04,cents per kilowatt-hour
1975,,,RI,24.31,cents per kilowatt-hour
1976,,,RI,16.73,cents per kilowatt-hour
1981,,,SC,13.21,cents per kilowatt-hour
1982,,,SC,0.0,cents per kilowatt-hour
1987,,,SD,13.3,cents per kilowatt-hour
1988,,,SD,0.0,cents per kilowatt-hour
1993,,,TN,12.22,cents per kilowatt-hour
1994,,,TN,0.0,cents per kilowatt-hour
1999,,,TX,13.95,cents per kilowatt-hour
2000,,,TX,7.22,cents per kilowatt-hour
2005,,,UT,11.71,cents per kilowatt-hour
2006,,,UT,12.31,cents per kilowatt-hour
2008,,,TN,12.27,cents per kilowatt-hour
2009,,,TN,0.0,cents per kilowatt-hour
2014,,,TX,14.65,cents per kilowatt-hour
2015,,,TX,6.84,cents per kilowatt-hour
2020,,,UT,10.84,cents per kilowatt-hour
2021,,,UT,12.3,cents per kilowatt-hour
2026,,,VT,21.03,cents per kilowatt-hour
2027,,,VT,0.0,cents per kilowatt-hour
2032,,,VA,15.19,cents per kilowatt-hour
2033,,,VA,10.76,cents per kilowatt-hour
2034,,,KY,12.64,cents per kilowatt-hour
2035,,,KY,0.0,cents per kilowatt-hour
2040,,,LA,12.88,cents per kilowatt-hour
2041,,,LA,13.22,cents per kilowatt-hour
2046,,,ME,26.32,cents per kilowatt-hour
2047,,,ME,0.0,cents per kilowatt-hour
2052,,,MD,16.22,cents per kilowatt-hour
2053,,,MD,11.23,cents per kilowatt-hour
2058,,,MA,32.56,cents per kilowatt-hour
2059,,,MA,8.65,cents per kilowatt-hour
2065,,,OK,10.79,cents per kilowatt-hour
2066,,,OK,0.0,cents per kilowatt-hour
2071,,,OR,12.61,cents per kilowatt-hour
2072,,,OR,11.73,cents per kilowatt-hour
2077,,,PA,17.52,cents per kilowatt-hour
2078,,,PA,10.71,cents per kilowatt-hour
2083,,,RI,30.86,cents per kilowatt-hour
2084,,,RI,20.94,cents per kilowatt-hour
2092,,,MN,15.32,cents per kilowatt-hour
2093,,,MN,12.66,cents per kilowatt-hour
2098,,,MS,13.89,cents per kilowatt-hour
2099,,,MS,0.0,cents per kilowatt-hour
2104,,,MO,12.27,cents per kilowatt-hour
2105,,,MO,8.43,cents per kilowatt-hour
2110,,,MT,12.79,cents per kilowatt-hour
2111,,,MT,0.0,cents per kilowatt-hour
2116,,,NE,11.77,cents per kilowatt-hour
2117,,,NE,0.0,cents per kilowatt-hour
2120,,,IL,15.99,cents per kilowatt-hour
2121,,,IL,7.44,cents per kilowatt-hour
2126,,,IN,15.43,cents per kilowatt-hour
2127,,,IN,13.29,cents per kilowatt-hour
2132,,,IA,11.38,cents per kilowatt-hour
2133,,,IA,0.0,cents per kilowatt-hour
2138,,,KS,12.73,cents per kilowatt-hour
2139,,,KS,0.0,cents per kilowatt-hour
2143,,,IL,17.03,cents per kilowatt-hour
2144,,,IL,7.15,cents per kilowatt-hour
2149,,,IN,16.12,cents per kilowatt-hour
2150,,,IN,0.0,cents per kilowatt-hour
2155,,,IA,11.69,cents per kilowatt-hour
2156,,,IA,0.0,cents per kilowatt-hour
2161,,,KS,14.45,cents per kilowatt-hour
2162,,,KS,0.0,cents per kilowatt-hour
2163,,,VT,0.0,cents per kilowatt-hour
2171,,,WA,11.16,cents per kilowatt-hour
2172,,,WA,10.24,cents per kilowatt-hour
2177,,,WV,14.6,cents per kilowatt-hour
2178,,,WV,0.0,cents per kilowatt-hour
2183,,,WI,17.43,cents per kilowatt-hour
2184,,,WI,16.34,cents per kilowatt-hour
2189,,,WY,11.9,cents per kilowatt-hour
2190,,,WY,0.0,cents per kilowatt-hour
2195,,,NEW,29.47,cents per kilowatt-hour
2196,,,NEW,11.16,cents per kilowatt-hour
2201,,,MAT,18.96,cents per kilowatt-hour
2202,,,MAT,14.3,cents per kilowatt-hour
2207,,,ENC,16.86,cents per kilowatt-hour
2208,,,ENC,7.27,cents per kilowatt-hour
2213,,,WNC,13.4,cents per kilowatt-hour
2214,,,WNC,10.3,cents per kilowatt-hour
2219,,,SAT,14.59,cents per kilowatt-hour
2220,,,SAT,10.27,cents per kilowatt-hour
2224,,,TN,12.34,cents per kilowatt-hour
2225,,,TN,0.0,cents per kilowatt-hour
2230,,,TX,14.35,cents per kilowatt-hour
2231,,,TX,6.99,cents per kilowatt-hour
2236,,,UT,11.44,cents per kilowatt-hour
2237,,,UT,12.37,cents per kilowatt-hour
2242,,,VT,21.0,cents per kilowatt-hour
2243,,,VT,0.0,cents per kilowatt-hour
2246,,,DE,14.25,cents per kilowatt-hour
2247,,,DE,0.0,cents per kilowatt-hour
2252,,,DC,14.96,cents per kilowatt-hour
2253,,,DC,10.26,cents per kilowatt-hour
2258,,,FL,14.89,cents per kilowatt-hour
2259,,,FL,11.14,cents per kilowatt-hour
2264,,,GA,12.81,cents per kilowatt-hour
2265,,,GA,9.28,cents per kilowatt-hour
2270,,,HI,44.96,cents per kilowatt-hour
2271,,,HI,0.0,cents per kilowatt-hour
2276,,,ID,10.51,cents per kilowatt-hour
2277,,,ID,0.0,cents per kilowatt-hour
2284,,,NV,17.43,cents per kilowatt-hour
2285,,,NV,13.02,cents per kilowatt-hour
2290,,,NH,30.6,cents per kilowatt-hour
2291,,,NH,0.0,cents per kilowatt-hour
2296,,,NJ,17.13,cents per kilowatt-hour
2297,,,NJ,11.94,cents per kilowatt-hour
2302,,,NM,12.96,cents per kilowatt-hour
2303,,,NM,0.0,cents per kilowatt-hour
2310,,,VT,21.09,cents per kilowatt-hour
2311,,,VT,0.0,cents per kilowatt-hour
2316,,,VA,13.54,cents per kilowatt-hour
2317,,,VA,9.97,cents per kilowatt-hour
2322,,,WA,10.98,cents per kilowatt-hour
2323,,,WA,10.08,cents per kilowatt-hour
2324,,,ENC,16.1,cents per kilowatt-hour
2325,,,ENC,6.91,cents per kilowatt-hour
2330,,,WNC,14.3,cents per kilowatt-hour
2331,,,WNC,13.12,cents per kilowatt-hour
2336,,,SAT,14.23,cents per kilowatt-hour
2337,,,SAT,10.22,cents per kilowatt-hour
2341,,,VA,14.58,cents per kilowatt-hour
2342,,,VA,14.4,cents per kilowatt-hour
2347,,,WA,10.95,cents per kilowatt-hour
2348,,,WA,10.19,cents per kilowatt-hour
2353,,,WV,14.38,cents per kilowatt-hour
2354,,,WV,0.0,cents per kilowatt-hour
2359,,,WI,16.98,cents per kilowatt-hour
2360,,,WI,16.93,cents per kilowatt-hour
2365,,,WY,11.19,cents per kilowatt-hour
2366,,,WY,0.0,cents per kilowatt-hour
2371,,,NEW,31.22,cents per kilowatt-hour
2372,,,NEW,11.64,cents per kilowatt-hour
2377,,,MAT,18.74,cents per kilowatt-hour
2378,,,MAT,13.59,cents per kilowatt-hour
2383,,,ENC,16.57,cents per kilowatt-hour
2384,,,ENC,6.37,cents per kilowatt-hour
2389,,,WNC,12.65,cents per kilowatt-hour
2390,,,WNC,9.55,cents per kilowatt-hour
2395,,,SAT,14.64,cents per kilowatt-hour
2396,,,FL,15.48,cents per kilowatt-hour
2399,,,ESC,13.26,cents per kilowatt-hour
2400,,,ESC,0.0,cents per kilowatt-hour
2405,,,WSC,13.81,cents per kilowatt-hour
2406,,,WSC,7.11,cents per kilowatt-hour
2411,,,MTN,13.89,cents per kilowatt-hour
2412,,,MTN,11.61,cents per kilowatt-hour
2417,,,PACC,22.11,cents per kilowatt-hour
2418,,,PACC,12.86,cents per kilowatt-hour
2423,,,AK,24.57,cents per kilowatt-hour
2424,,,AK,0.0,cents per kilowatt-hour
2429,,,AZ,14.38,cents per kilowatt-hour
2430,,,AZ,10.41,cents per kilowatt-hour
2435,,,AR,12.69,cents per kilowatt-hour
2436,,,AR,15.52,cents per kilowatt-hour
2441,,,CA,30.01,cents per kilowatt-hour
2442,,,CA,15.19,cents per kilowatt-hour
2447,,,CO,15.03,cents per kilowatt-hour
2448,,,CO,15.43,cents per kilowatt-hour
2453,,,CT,29.31,cents per kilowatt-hour
2454,,,CT,20.36,cents per kilowatt-hour
2459,,,AZ,13.83,cents per kilowatt-hour
2460,,,AZ,10.38,cents per kilowatt-hour
2465,,,AR,12.47,cents per kilowatt-hour
2466,,,AR,15.52,cents per kilowatt-hour
2475,,,NE,10.48,cents per kilowatt-hour
2476,,,NE,0.0,cents per kilowatt-hour
2481,,,NV,17.11,cents per kilowatt-hour
2482,,,NV,12.96,cents per kilowatt-hour
2487,,,NH,30.25,cents per kilowatt-hour
2488,,,NH,0.0,cents per kilowatt-hour
2493,,,NJ,17.12,cents per kilowatt-hour
2494,,,NJ,11.38,cents per kilowatt-hour
2499,,,NM,13.05,cents per kilowatt-hour
2500,,,NM,0.0,cents per kilowatt-hour
2505,,,NY,21.21,cents per kilowatt-hour
2506,,,NY,14.73,cents per kilowatt-hour
2511,,,NC,12.67,cents per kilowatt-hour
2512,,,NC,7.96,cents per kilowatt-hour
2516,,,ESC,13.03,cents per kilowatt-hour
2517,,,ESC,0.0,cents per kilowatt-hour
2522,,,WSC,13.34,cents per kilowatt-hour
2523,,,WSC,7.48,cents per kilowatt-hour
2528,,,MTN,14.03,cents per kilowatt-hour
2529,,,MTN,13.26,cents per kilowatt-hour
2534,,,PACC,23.37,cents per kilowatt-hour
2535,,,PACC,12.82,cents per kilowatt-hour
2540,,,PACN,34.13,cents per kilowatt-hour
2541,,,PACN,0.0,cents per kilowatt-hour
2546,,,US,15.86,cents per kilowatt-hour
2547,,,US,12.77,cents per kilowatt-hour
2552,,,AL,14.19,cents per kilowatt-hour
2553,,,AL,0.0,cents per kilowatt-hour
2560,,,PA,18.46,cents per kilowatt-hour
2561,,,PA,9.3,cents per kilowatt-hour
2566,,,RI,26.84,cents per kilowatt-hour
2567,,,RI,16.88,cents per kilowatt-hour
2568,,,FL,11.69,cents per kilowatt-hour
2573,,,GA,13.97,cents per kilowatt-hour
2574,,,GA,9.4,cents per kilowatt-hour
2579,,,HI,41.52,cents per kilowatt-hour
2580,,,HI,0.0,cents per kilowatt-hour
2585,,,ID,11.53,cents per kilowatt-hour
2586,,,ID,0.0,cents per kilowatt-hour
2591,,,IL,14.7,cents per kilowatt-hour
2592,,,IL,7.0,cents per kilowatt-hour
2596,,,WA,10.71,cents per kilowatt-hour
2597,,,WA,10.54,cents per kilowatt-hour
2602,,,WV,13.55,cents per kilowatt-hour
2603,,,WV,0.0,cents per kilowatt-hour
2608,,,WI,16.33,cents per kilowatt-hour
2609,,,WI,16.41,cents per kilowatt-hour
2614,,,WY,10.26,cents per kilowatt-hour
2615,,,WY,0.0,cents per kilowatt-hour
2620,,,NEW,31.26,cents per kilowatt-hour
2621,,,NEW,19.09,cents per kilowatt-hour
2626,,,MAT,20.26,cents per kilowatt-hour
2627,,,MAT,14.84,cents per kilowatt-hour
2629,,,PACN,0.0,cents per kilowatt-hour
2634,,,US,16.09,cents per kilowatt-hour
2635,,,US,12.41,cents per kilowatt-hour
2638,,,OK,11.71,cents per kilowatt-hour
2639,,,OK,0.0,cents per kilowatt-hour
2644,,,OR,12.22,cents per kilowatt-hour
2645,,,OR,11.43,cents per kilowatt-hour
2648,,,MI,17.99,cents per kilowatt-hour
2649,,,MI,12.67,cents per kilowatt-hour
2654,,,MN,13.63,cents per kilowatt-hour
2655,,,MN,11.88,cents per kilowatt-hour
2660,,,MS,13.57,cents per kilowatt-hour
2661,,,MS,0.0,cents per kilowatt-hour
2666,,,MO,11.36,cents per kilowatt-hour
2667,,,MO,7.74,cents per kilowatt-hour
2672,,,MT,11.96,cents per kilowatt-hour
2673,,,MT,0.0,cents per kilowatt-hour
2678,,,NE,10.16,cents per kilowatt-hour
2679,,,NE,0.0,cents per kilowatt-hour
2684,,,NV,17.04,cents per kilowatt-hour
2685,,,NV,13.21,cents per kilowatt-hour
2690,,,NH,30.98,cents per kilowatt-hour
2691,,,NH,0.0,cents per kilowatt-hour
2696,,,NJ,16.97,cents per kilowatt-hour
2697,,,NJ,12.64,cents per kilowatt-hour
2702,,,NM,13.75,cents per kilowatt-hour
2703,,,NM,0.0,cents per kilowatt-hour
2708,,,NY,24.18,cents per kilowatt-hour
2709,,,NY,15.75,cents per kilowatt-hour
2712,,,NM,14.2,cents per kilowatt-hour
2713,,,NM,0.0,cents per kilowatt-hour
2718,,,NY,22.85,cents per kilowatt-hour
2719,,,NY,15.78,cents per kilowatt-hour
2724,,,NC,13.39,cents per kilowatt-hour
2725,,,NC,9.27,cents per kilowatt-hour
2730,,,ND,10.77,cents per kilowatt-hour
2731,,,ND,0.0,cents per kilowatt-hour
2736,,,OH,15.65,cents per kilowatt-hour
2737,,,OH,6.15,cents per kilowatt-hour
2742,,,OK,11.88,cents per kilowatt-hour
2743,,,OK,0.0,cents per kilowatt-hour
2748,,,OR,12.99,cents per kilowatt-hour
2749,,,OR,11.51,cents per kilowatt-hour
2754,,,PA,18.11,cents per kilowatt-hour
2755,,,PA,10.08,cents per kilowatt-hour
2761,,,ENC,16.28,cents per kilowatt-hour
2762,,,ENC,7.08,cents per kilowatt-hour
2767,,,WNC,12.03,cents per kilowatt-hour
2768,,,WNC,9.72,cents per kilowatt-hour
2773,,,SAT,14.56,cents per kilowatt-hour
2774,,,SAT,10.24,cents per kilowatt-hour
2779,,,ESC,13.39,cents per kilowatt-hour
2780,,,ESC,0.0,cents per kilowatt-hour
2787,,,PA,18.13,cents per kilowatt-hour
2788,,,PA,9.36,cents per kilowatt-hour
2793,,,RI,27.91,cents per kilowatt-hour
2794,,,RI,16.1,cents per kilowatt-hour
2800,,,MT,12.58,cents per kilowatt-hour
2801,,,MT,0.0,cents per kilowatt-hour
2806,,,NE,10.47,cents per kilowatt-hour
2807,,,NE,0.0,cents per kilowatt-hour
2812,,,NV,15.55,cents per kilowatt-hour
2813,,,NV,12.1,cents per kilowatt-hour
2818,,,NH,24.74,cents per kilowatt-hour
2819,,,NH,0.0,cents per kilowatt-hour
2824,,,NJ,17.56,cents per kilowatt-hour
2825,,,NJ,11.66,cents per kilowatt-hour
2830,,,NM,13.37,cents per kilowatt-hour
2831,,,NM,0.0,cents per kilowatt-hour
2836,,,NY,22.42,cents per kilowatt-hour
2837,,,NY,14.38,cents per kilowatt-hour
2842,,,NC,12.97,cents per kilowatt-hour
2843,,,NC,9.33,cents per kilowatt-hour
2850,,,MS,12.85,cents per kilowatt-hour
2851,,,MS,0.0,cents per kilowatt-hour
2856,,,MO,14.03,cents per kilowatt-hour
2857,,,MO,13.31,cents per kilowatt-hour
2862,,,MT,13.15,cents per kilowatt-hour
2863,,,MT,0.0,cents per kilowatt-hour
2868,,,NE,12.32,cents per kilowatt-hour
2869,,,NE,0.0,cents per kilowatt-hour
2874,,,NV,16.94,cents per kilowatt-hour
2875,,,NV,13.01,cents per kilowatt-hour
2880,,,NH,23.24,cents per kilowatt-hour
2881,,,NH,0.0,cents per kilowatt-hour
2886,,,NJ,17.97,cents per kilowatt-hour
2887,,,NJ,11.86,cents per kilowatt-hour
2892,,,NM,14.88,cents per kilowatt-hour
2893,,,NM,0.0,cents per kilowatt-hour
2898,,,NY,23.24,cents per kilowatt-hour
2899,,,NY,19.09,cents per kilowatt-hour
2904,,,NC,13.72,cents per kilowatt-hour
2905,,,NC,10.12,cents per kilowatt-hour
2910,,,DC,18.03,cents per kilowatt-hour
2911,,,DC,10.51,cents per kilowatt-hour
2916,,,FL,15.45,cents per kilowatt-hour
2917,,,FL,11.45,cents per kilowatt-hour
2922,,,GA,13.69,cents per kilowatt-hour
2923,,,GA,6.13,cents per kilowatt-hour
2928,,,HI,42.68,cents per kilowatt-hour
2929,,,HI,0.0,cents per kilowatt-hour
2934,,,ID,12.07,cents per kilowatt-hour
2935,,,ID,0.0,cents per kilowatt-hour
2940,,,IL,15.75,cents per kilowatt-hour
2941,,,IL,7.14,cents per kilowatt-hour
2946,,,IN,15.17,cents per kilowatt-hour
2947,,,IN,13.29,cents per kilowatt-hour
2952,,,IA,13.46,cents per kilowatt-hour
2953,,,IA,0.0,cents per kilowatt-hour
2958,,,KS,13.45,cents per kilowatt-hour
2959,,,KS,0.0,cents per kilowatt-hour
2962,,,ND,10.27,cents per kilowatt-hour
2963,,,ND,0.0,cents per kilowatt-hour
2968,,,OH,15.57,cents per kilowatt-hour
2969,,,OH,6.14,cents per kilowatt-hour
2971,,,SAT,10.11,cents per kilowatt-hour
2976,,,ESC,13.06,cents per kilowatt-hour
2977,,,ESC,0.0,cents per kilowatt-hour
2982,,,WSC,13.56,cents per kilowatt-hour
2983,,,WSC,7.37,cents per kilowatt-hour
2988,,,MTN,13.38,cents per kilowatt-hour
2989,,,MTN,12.16,cents per kilowatt-hour
2994,,,PACC,21.33,cents per kilowatt-hour
2995,,,PACC,11.37,cents per kilowatt-hour
3000,,,PACN,34.5,cents per kilowatt-hour
3001,,,PACN,0.0,cents per kilowatt-hour
3006,,,US,16.1,cents per kilowatt-hour
3007,,,US,12.05,cents per kilowatt-hour
3010,,,LA,11.26,cents per kilowatt-hour
3011,,,LA,10.91,cents per kilowatt-hour
3016,,,ND,9.75,cents per kilowatt-hour
3017,,,ND,0.0,cents per kilowatt-hour
3022,,,OH,14.89,cents per kilowatt-hour
3023,,,OH,5.63,cents per kilowatt-hour
3029,,,OK,12.43,cents per kilowatt-hour
3030,,,OK,0.0,cents per kilowatt-hour
3035,,,OR,13.14,cents per kilowatt-hour
3036,,,OR,11.36,cents per kilowatt-hour
3041,,,PA,18.39,cents per kilowatt-hour
3042,,,PA,9.04,cents per kilowatt-hour
3047,,,RI,23.83,cents per kilowatt-hour
3048,,,RI,17.72,cents per kilowatt-hour
3053,,,SC,13.75,cents per kilowatt-hour
3054,,,SC,0.0,cents per kilowatt-hour
3059,,,SD,13.3,cents per kilowatt-hour
3060,,,SD,0.0,cents per kilowatt-hour
3068,,,MTN,13.04,cents per kilowatt-hour
3069,,,MTN,12.14,cents per kilowatt-hour
3073,,,ND,12.83,cents per kilowatt-hour
3074,,,ND,0.0,cents per kilowatt-hour
3080,,,KY,13.17,cents per kilowatt-hour
3081,,,KY,0.0,cents per kilowatt-hour
3086,,,LA,11.95,cents per kilowatt-hour
3087,,,LA,10.61,cents per kilowatt-hour
3092,,,ME,29.06,cents per kilowatt-hour
3093,,,ME,0.0,cents per kilowatt-hour
3098,,,MD,18.38,cents per kilowatt-hour
3099,,,MD,11.55,cents per kilowatt-hour
3104,,,MA,28.19,cents per kilowatt-hour
3105,,,MA,6.65,cents per kilowatt-hour
3110,,,MI,19.2,cents per kilowatt-hour
3111,,,MI,14.43,cents per kilowatt-hour
3116,,,MN,15.45,cents per kilowatt-hour
3117,,,MN,12.4,cents per kilowatt-hour
3122,,,MS,13.47,cents per kilowatt-hour
3123,,,MS,0.0,cents per kilowatt-hour
3128,,,MO,12.2,cents per kilowatt-hour
3129,,,MO,12.48,cents per kilowatt-hour
3134,,,MT,12.93,cents per kilowatt-hour
3135,,,MT,0.0,cents per kilowatt-hour
3142,,,ME,27.73,cents per kilowatt-hour
3143,,,ME,0.0,cents per kilowatt-hour
3147,,,VT,20.45,cents per kilowatt-hour
3148,,,VT,0.0,cents per kilowatt-hour
3153,,,VA,13.88,cents per kilowatt-hour
3154,,,VA,10.91,cents per kilowatt-hour
3159,,,WA,11.15,cents per kilowatt-hour
3160,,,WA,9.89,cents per kilowatt-hour
3165,,,WV,14.08,cents per kilowatt-hour
3166,,,WV,0.0,cents per kilowatt-hour
3171,,,WI,17.02,cents per kilowatt-hour
3172,,,WI,16.5,cents per kilowatt-hour
3177,,,WY,12.49,cents per kilowatt-hour
3178,,,WY,0.0,cents per kilowatt-hour
3183,,,NEW,26.84,cents per kilowatt-hour
3184,,,NEW,12.52,cents per kilowatt-hour
3189,,,MAT,19.7,cents per kilowatt-hour
3190,,,MAT,14.73,cents per kilowatt-hour
3195,,,WV,14.35,cents per kilowatt-hour
3196,,,WV,0.0,cents per kilowatt-hour
3205,,,NC,12.75,cents per kilowatt-hour
3206,,,NC,7.81,cents per kilowatt-hour
3211,,,ND,10.01,cents per kilowatt-hour
3212,,,ND,0.0,cents per kilowatt-hour
3217,,,OH,14.62,cents per kilowatt-hour
3218,,,OH,5.31,cents per kilowatt-hour
3223,,,KY,12.83,cents per kilowatt-hour
3224,,,KY,0.0,cents per kilowatt-hour
3229,,,LA,11.98,cents per kilowatt-hour
3230,,,LA,9.77,cents per kilowatt-hour
3235,,,ME,24.08,cents per kilowatt-hour
3236,,,ME,0.0,cents per kilowatt-hour
3241,,,MD,15.98,cents per kilowatt-hour
3242,,,MD,10.79,cents per kilowatt-hour
3247,,,MA,32.19,cents per kilowatt-hour
3248,,,MA,7.2,cents per kilowatt-hour
3253,,,MI,18.16,cents per kilowatt-hour
3254,,,MI,12.07,cents per kilowatt-hour
3259,,,MN,13.25,cents per kilowatt-hour
3260,,,MN,11.07,cents per kilowatt-hour
3265,,,MS,12.98,cents per kilowatt-hour
3266,,,MS,0.0,cents per kilowatt-hour
3271,,,MO,10.54,cents per kilowatt-hour
3272,,,MO,7.14,cents per kilowatt-hour
3277,,,MT,11.89,cents per kilowatt-hour
3278,,,MT,0.0,cents per kilowatt-hour
3283,,,NE,9.27,cents per kilowatt-hour
3284,,,WI,17.41,cents per kilowatt-hour
3285,,,WI,19.26,cents per kilowatt-hour
3290,,,WY,12.64,cents per kilowatt-hour
3291,,,WY,0.0,cents per kilowatt-hour
3296,,,NEW,27.37,cents per kilowatt-hour
3297,,,NEW,12.49,cents per kilowatt-hour
3302,,,MAT,20.11,cents per kilowatt-hour
3303,,,MAT,17.58,cents per kilowatt-hour
3310,,,OH,15.59,cents per kilowatt-hour
3311,,,OH,6.68,cents per kilowatt-hour
3316,,,OK,13.03,cents per kilowatt-hour
3317,,,OK,0.0,cents per kilowatt-hour
3322,,,OR,13.19,cents per kilowatt-hour
3323,,,OR,11.28,cents per kilowatt-hour
3328,,,PA,18.02,cents per kilowatt-hour
3329,,,PA,10.6,cents per kilowatt-hour
3334,,,RI,25.27,cents per kilowatt-hour
3338,,,PACN,34.99,cents per kilowatt-hour
3339,,,PACN,0.0,cents per kilowatt-hour
3346,,,AK,21.73,cents per kilowatt-hour
3347,,,AK,0.0,cents per kilowatt-hour
3352,,,AZ,12.63,cents per kilowatt-hour
3353,,,AZ,8.77,cents per kilowatt-hour
3358,,,AR,11.42,cents per kilowatt-hour
3359,,,AR,13.94,cents per kilowatt-hour
3364,,,CA,26.47,cents per kilowatt-hour
3365,,,CA,11.67,cents per kilowatt-hour
3370,,,CO,14.11,cents per kilowatt-hour
3371,,,CO,12.57,cents per kilowatt-hour
3376,,,CT,30.29,cents per kilowatt-hour
3377,,,CT,25.99,cents per kilowatt-hour
3383,,,WV,13.06,cents per kilowatt-hour
3384,,,WV,0.0,cents per kilowatt-hour
3389,,,WI,16.17,cents per kilowatt-hour
3390,,,WI,15.54,cents per kilowatt-hour
3395,,,US,16.48,cents per kilowatt-hour
3396,,,US,12.65,cents per kilowatt-hour
3401,,,AL,14.98,cents per kilowatt-hour
3402,,,AL,0.0,cents per kilowatt-hour
3407,,,AK,24.13,cents per kilowatt-hour
3408,,,AK,0.0,cents per kilowatt-hour
3413,,,AZ,14.55,cents per kilowatt-hour
3414,,,AZ,9.68,cents per kilowatt-hour
3418,,,NE,0.0,cents per kilowatt-hour
3423,,,NV,16.8,cents per kilowatt-hour
3424,,,NV,11.91,cents per kilowatt-hour
3429,,,NH,31.68,cents per kilowatt-hour
3430,,,NH,0.0,cents per kilowatt-hour
3432,,,OK,10.75,cents per kilowatt-hour
3433,,,OK,0.0,cents per kilowatt-hour
3438,,,OR,12.09,cents per kilowatt-hour
3439,,,OR,11.16,cents per kilowatt-hour
3444,,,PA,18.02,cents per kilowatt-hour
3445,,,PA,11.24,cents per kilowatt-hour
3450,,,RI,28.94,cents per kilowatt-hour
3451,,,RI,17.94,cents per kilowatt-hour
3456,,,SC,13.58,cents per kilowatt-hour
3457,,,SC,0.0,cents per kilowatt-hour
3462,,,SD,11.19,cents per kilowatt-hour
3463,,,SD,0.0,cents per kilowatt-hour
3467,,,IN,14.1,cents per kilowatt-hour
3468,,,IN,14.88,cents per kilowatt-hour
3473,,,IA,14.12,cents per kilowatt-hour
3474,,,IA,0.0,cents per kilowatt-hour
3479,,,KS,13.2,cents per kilowatt-hour
3480,,,KS,0.0,cents per kilowatt-hour
3483,,,US,16.14,cents per kilowatt-hour
3484,,,US,12.43,cents per kilowatt-hour
3487,,,CA,29.97,cents per kilowatt-hour
3488,,,CA,13.83,cents per kilowatt-hour
3493,,,CO,14.45,cents per kilowatt-hour
3494,,,CO,13.96,cents per kilowatt-hour
3499,,,CT,27.94,cents per kilowatt-hour
3500,,,CT,22.64,cents per kilowatt-hour
3505,,,DE,15.66,cents per kilowatt-hour
3506,,,DE,0.0,cents per kilowatt-hour
3511,,,DC,16.48,cents per kilowatt-hour
3512,,,DC,10.29,cents per kilowatt-hour
3517,,,FL,14.89,cents per kilowatt-hour
3518,,,FL,10.82,cents per kilowatt-hour
3523,,,GA,14.12,cents per kilowatt-hour
3524,,,GA,9.68,cents per kilowatt-hour
3529,,,HI,39.77,cents per kilowatt-hour
3530,,,HI,0.0,cents per kilowatt-hour
3536,,,AR,12.31,cents per kilowatt-hour
3537,,,AR,15.97,cents per kilowatt-hour
3542,,,CA,29.54,cents per kilowatt-hour
3543,,,CA,13.56,cents per kilowatt-hour
3548,,,CO,14.58,cents per kilowatt-hour
3549,,,CO,13.16,cents per kilowatt-hour
3554,,,CT,26.98,cents per kilowatt-hour
3555,,,CT,16.0,cents per kilowatt-hour
3560,,,DE,17.22,cents per kilowatt-hour
3561,,,DE,0.0,cents per kilowatt-hour
3566,,,DC,16.99,cents per kilowatt-hour
3567,,,DC,9.77,cents per kilowatt-hour
3572,,,FL,15.37,cents per kilowatt-hour
3573,,,FL,11.38,cents per kilowatt-hour
3578,,,GA,13.16,cents per kilowatt-hour
3579,,,GA,6.23,cents per kilowatt-hour
3584,,,HI,43.53,cents per kilowatt-hour
3585,,,HI,0.0,cents per kilowatt-hour
3590,,,ID,11.48,cents per kilowatt-hour
3591,,,ID,0.0,cents per kilowatt-hour
3596,,,IL,15.65,cents per kilowatt-hour
3597,,,IL,5.53,cents per kilowatt-hour
3603,,,KY,12.61,cents per kilowatt-hour
3604,,,KY,0.0,cents per kilowatt-hour
3607,,,ID,11.56,cents per kilowatt-hour
3608,,,ID,0.0,cents per kilowatt-hour
3613,,,IL,13.74,cents per kilowatt-hour
3614,,,IL,6.51,cents per kilowatt-hour
3619,,,IN,14.17,cents per kilowatt-hour
3620,,,IN,14.01,cents per kilowatt-hour
3625,,,IA,15.17,cents per kilowatt-hour
3626,,,IA,0.0,cents per kilowatt-hour
3631,,,KS,13.35,cents per kilowatt-hour
3632,,,KS,0.0,cents per kilowatt-hour
3637,,,KY,12.33,cents per kilowatt-hour
3638,,,KY,0.0,cents per kilowatt-hour
3643,,,LA,11.06,cents per kilowatt-hour
3644,,,LA,10.85,cents per kilowatt-hour
3648,,,AK,25.14,cents per kilowatt-hour
3649,,,AK,0.0,cents per kilowatt-hour
3652,,,SC,13.83,cents per kilowatt-hour
3653,,,SC,0.0,cents per kilowatt-hour
3658,,,SD,11.41,cents per kilowatt-hour
3659,,,SD,0.0,cents per kilowatt-hour
3664,,,TN,12.4,cents per kilowatt-hour
3665,,,TN,0.0,cents per kilowatt-hour
3670,,,TX,14.61,cents per kilowatt-hour
3673,,,MO,14.42,cents per kilowatt-hour
3674,,,MO,12.86,cents per kilowatt-hour
3679,,,MT,13.07,cents per kilowatt-hour
3680,,,MT,0.0,cents per kilowatt-hour
3685,,,NE,12.35,cents per kilowatt-hour
3686,,,NE,0.0,cents per kilowatt-hour
3691,,,NV,16.3,cents per kilowatt-hour
3692,,,NV,12.97,cents per kilowatt-hour
3697,,,NH,28.96,cents per kilowatt-hour
3698,,,NH,0.0,cents per kilowatt-hour
3703,,,NJ,18.42,cents per kilowatt-hour
3704,,,NJ,12.95,cents per kilowatt-hour
3709,,,NM,14.39,cents per kilowatt-hour
3710,,,NM,0.0,cents per kilowatt-hour
3719,,,AL,15.08,cents per kilowatt-hour
3720,,,AL,0.0,cents per kilowatt-hour
3725,,,AK,24.04,cents per kilowatt-hour
3726,,,AK,0.0,cents per kilowatt-hour
3731,,,AZ,14.53,cents per kilowatt-hour
3732,,,AZ,10.51,cents per kilowatt-hour
3738,,,IN,14.64,cents per kilowatt-hour
3739,,,IN,12.18,cents per kilowatt-hour
3744,,,IA,12.91,cents per kilowatt-hour
3745,,,IA,0.0,cents per kilowatt-hour
3750,,,KS,13.04,cents per kilowatt-hour
3751,,,KS,0.0,cents per kilowatt-hour
3758,,,WV,14.44,cents per kilowatt-hour
3759,,,WV,0.0,cents per kilowatt-hour
3764,,,WI,17.14,cents per kilowatt-hour
3765,,,WI,17.63,cents per kilowatt-hour
3770,,,WY,12.53,cents per kilowatt-hour
3771,,,WY,0.0,cents per kilowatt-hour
3776,,,NEW,28.34,cents per kilowatt-hour
3777,,,NEW,11.54,cents per kilowatt-hour
3782,,,MAT,19.57,cents per kilowatt-hour
3783,,,MAT,14.41,cents per kilowatt-hour
3788,,,ENC,16.37,cents per kilowatt-hour
3789,,,ENC,7.33,cents per kilowatt-hour
3794,,,WNC,14.16,cents per kilowatt-hour
3795,,,WNC,11.53,cents per kilowatt-hour
3800,,,SAT,14.7,cents per kilowatt-hour
3801,,,SAT,10.05,cents per kilowatt-hour
3806,,,ESC,13.24,cents per kilowatt-hour
3807,,,ESC,0.0,cents per kilowatt-hour
3812,,,WSC,13.63,cents per kilowatt-hour
3813,,,WSC,7.29,cents per kilowatt-hour
3818,,,MTN,14.17,cents per kilowatt-hour
3819,,,MTN,13.69,cents per kilowatt-hour
3824,,,PACC,23.63,cents per kilowatt-hour
3825,,,PACC,11.66,cents per kilowatt-hour
3830,,,PACN,35.02,cents per kilowatt-hour
3834,,,MD,17.38,cents per kilowatt-hour
3835,,,MD,11.71,cents per kilowatt-hour
3840,,,MA,28.41,cents per kilowatt-hour
3841,,,MA,6.6,cents per kilowatt-hour
3846,,,MI,18.59,cents per kilowatt-hour
3847,,,MI,14.35,cents per kilowatt-hour
3852,,,MN,14.52,cents per kilowatt-hour
3853,,,MN,12.34,cents per kilowatt-hour
3858,,,MS,13.5,cents per kilowatt-hour
3859,,,MS,0.0,cents per kilowatt-hour
3864,,,MO,11.98,cents per kilowatt-hour
3865,,,MO,8.97,cents per kilowatt-hour
3870,,,MT,12.58,cents per kilowatt-hour
3871,,,MT,0.0,cents per kilowatt-hour
3876,,,NE,11.26,cents per kilowatt-hour
3877,,,NE,0.0,cents per kilowatt-hour
3882,,,NV,17.11,cents per kilowatt-hour
3883,,,NV,12.21,cents per kilowatt-hour
3888,,,DE,15.81,cents per kilowatt-hour
3889,,,DE,0.0,cents per kilowatt-hour
3894,,,DC,16.29,cents per kilowatt-hour
3895,,,DC,9.21,cents per kilowatt-hour
3900,,,RI,15.84,cents per kilowatt-hour
3905,,,SC,14.06,cents per kilowatt-hour
3906,,,SC,0.0,cents per kilowatt-hour
3911,,,SD,11.46,cents per kilowatt-hour
3912,,,SD,0.0,cents per kilowatt-hour
3917,,,TN,12.54,cents per kilowatt-hour
3918,,,TN,0.0,cents per kilowatt-hour
3923,,,TX,14.72,cents per kilowatt-hour
3924,,,TX,6.99,cents per kilowatt-hour
3929,,,RI,29.78,cents per kilowatt-hour
3930,,,RI,16.52,cents per kilowatt-hour
3935,,,SC,13.76,cents per kilowatt-hour
3936,,,SC,0.0,cents per kilowatt-hour
3941,,,SD,12.21,cents per kilowatt-hour
3942,,,SD,0.0,cents per kilowatt-hour
3947,,,TN,12.6,cents per kilowatt-hour
3948,,,TN,0.0,cents per kilowatt-hour
3953,,,TX,14.79,cents per kilowatt-hour
3954,,,TX,7.6,cents per kilowatt-hour
3959,,,UT,11.05,cents per kilowatt-hour
3960,,,UT,12.16,cents per kilowatt-hour
3967,,,AL,14.4,cents per kilowatt-hour
3968,,,AL,0.0,cents per kilowatt-hour
3973,,,AK,23.78,cents per kilowatt-hour
3974,,,AK,0.0,cents per kilowatt-hour
3979,,,VT,21.57,cents per kilowatt-hour
3980,,,VT,0.0,cents per kilowatt-hour
3985,,,VA,13.93,cents per kilowatt-hour
3986,,,VA,9.97,cents per kilowatt-hour
3991,,,WA,11.07,cents per kilowatt-hour
3992,,,WA,10.02,cents per kilowatt-hour
3996,,,AZ,14.11,cents per kilowatt-hour
3997,,,AZ,9.95,cents per kilowatt-hour
4002,,,AR,11.24,cents per kilowatt-hour
4003,,,AR,12.7,cents per kilowatt-hour
4008,,,CA,29.49,cents per kilowatt-hour
4009,,,CA,17.06,cents per kilowatt-hour
4014,,,CO,14.26,cents per kilowatt-hour
4015,,,CO,9.99,cents per kilowatt-hour
4020,,,CT,27.4,cents per kilowatt-hour
4021,,,CT,18.36,cents per kilowatt-hour
4026,,,DE,15.59,cents per kilowatt-hour
4027,,,DE,0.0,cents per kilowatt-hour
4032,,,DC,16.89,cents per kilowatt-hour
4033,,,DC,9.86,cents per kilowatt-hour
4038,,,FL,14.79,cents per kilowatt-hour
4039,,,FL,11.82,cents per kilowatt-hour
4044,,,GA,12.34,cents per kilowatt-hour
4045,,,GA,6.29,cents per kilowatt-hour
4050,,,HI,44.28,cents per kilowatt-hour
4051,,,HI,0.0,cents per kilowatt-hour
4056,,,ID,10.79,cents per kilowatt-hour
4057,,,ID,0.0,cents per kilowatt-hour
4062,,,IL,15.03,cents per kilowatt-hour
4063,,,IL,10.41,cents per kilowatt-hour
4068,,,WV,13.35,cents per kilowatt-hour
4069,,,WV,0.0,cents per kilowatt-hour
4074,,,WI,16.58,cents per kilowatt-hour
4075,,,WI,17.48,cents per kilowatt-hour
4080,,,WY,11.32,cents per kilowatt-hour
4081,,,WY,0.0,cents per kilowatt-hour
4086,,,NEW,27.52,cents per kilowatt-hour
4087,,,NEW,12.72,cents per kilowatt-hour
4092,,,MAT,19.36,cents per kilowatt-hour
4093,,,MAT,13.77,cents per kilowatt-hour
4098,,,ENC,15.93,cents per kilowatt-hour
4099,,,ENC,7.43,cents per kilowatt-hour
4104,,,WNC,12.06,cents per kilowatt-hour
4105,,,WNC,9.58,cents per kilowatt-hour
4114,,,SAT,14.14,cents per kilowatt-hour
4115,,,SAT,10.25,cents per kilowatt-hour
4120,,,ESC,12.86,cents per kilowatt-hour
4121,,,ESC,0.0,cents per kilowatt-hour
4126,,,WSC,13.48,cents per kilowatt-hour
4127,,,WSC,9.11,cents per kilowatt-hour
4132,,,MTN,13.44,cents per kilowatt-hour
4133,,,MTN,12.12,cents per kilowatt-hour
4138,,,PACC,20.7,cents per kilowatt-hour
4139,,,PACC,12.54,cents per kilowatt-hour
4144,,,PACN,33.46,cents per kilowatt-hour
4145,,,PACN,0.0,cents per kilowatt-hour
4150,,,US,15.69,cents per kilowatt-hour
4151,,,US,12.34,cents per kilowatt-hour
4156,,,VA,15.13,cents per kilowatt-hour
4157,,,VA,10.49,cents per kilowatt-hour
4162,,,WA,11.21,cents per kilowatt-hour
4163,,,WA,9.95,cents per kilowatt-hour
4166,,,SAT,10.66,cents per kilowatt-hour
4171,,,ESC,12.95,cents per kilowatt-hour
4172,,,ESC,0.0,cents per kilowatt-hour
4177,,,WSC,13.38,cents per kilowatt-hour
4178,,,WSC,7.3,cents per kilowatt-hour
4183,,,MTN,12.81,cents per kilowatt-hour
4184,,,MTN,12.29,cents per kilowatt-hour
4189,,,PACC,19.48,cents per kilowatt-hour
4190,,,PACC,11.43,cents per kilowatt-hour
4195,,,PACN,33.38,cents per kilowatt-hour
4196,,,PACN,0.0,cents per kilowatt-hour
4201,,,US,15.47,cents per kilowatt-hour
4202,,,US,12.54,cents per kilowatt-hour
4207,,,AL,15.34,cents per kilowatt-hour
4208,,,AL,0.0,cents per kilowatt-hour
4213,,,AK,22.92,cents per kilowatt-hour
4214,,,AK,0.0,cents per kilowatt-hour
4219,,,AZ,13.12,cents per kilowatt-hour
4220,,,AZ,8.88,cents per kilowatt-hour
4225,,,AR,11.99,cents per kilowatt-hour
4226,,,AR,14.03,cents per kilowatt-hour
4231,,,CA,27.25,cents per kilowatt-hour
4232,,,CA,11.96,cents per kilowatt-hour
4237,,,CO,14.23,cents per kilowatt-hour
4238,,,CO,13.67,cents per kilowatt-hour
4243,,,CT,34.38,cents per kilowatt-hour
4244,,,CT,38.63,cents per kilowatt-hour
4249,,,DE,15.01,cents per kilowatt-hour
4250,,,DE,0.0,cents per kilowatt-hour
4256,,,PA,17.43,cents per kilowatt-hour
4257,,,PA,10.07,cents per kilowatt-hour
4262,,,RI,31.26,cents per kilowatt-hour
4263,,,RI,20.29,cents per kilowatt-hour
4268,,,SC,13.54,cents per kilowatt-hour
4269,,,SC,0.0,cents per kilowatt-hour
4274,,,SD,11.18,cents per kilowatt-hour
4275,,,SD,0.0,cents per kilowatt-hour
4280,,,TN,12.25,cents per kilowatt-hour
4281,,,TN,0.0,cents per kilowatt-hour
4286,,,TX,14.28,cents per kilowatt-hour
4287,,,TX,6.96,cents per kilowatt-hour
4292,,,UT,10.85,cents per kilowatt-hour
4293,,,UT,12.07,cents per kilowatt-hour
4298,,,VT,21.11,cents per kilowatt-hour
4299,,,VT,0.0,cents per kilowatt-hour
4304,,,VA,13.5,cents per kilowatt-hour
4305,,,VA,10.03,cents per kilowatt-hour
4310,,,WA,11.09,cents per kilowatt-hour
4311,,,WA,9.83,cents per kilowatt-hour
4316,,,WV,13.65,cents per kilowatt-hour
4317,,,WV,0.0,cents per kilowatt-hour
4322,,,WI,16.46,cents per kilowatt-hour
4323,,,WI,20.1,cents per kilowatt-hour
4328,,,WY,10.86,cents per kilowatt-hour
4329,,,WY,0.0,cents per kilowatt-hour
4334,,,NY,19.81,cents per kilowatt-hour
4335,,,NY,14.66,cents per kilowatt-hour
4340,,,NC,12.91,cents per kilowatt-hour
4341,,,NC,8.03,cents per kilowatt-hour
4346,,,ND,10.28,cents per kilowatt-hour
4347,,,ND,0.0,cents per kilowatt-hour
4352,,,OH,15.01,cents per kilowatt-hour
4353,,,OH,5.58,cents per kilowatt-hour
4358,,,OK,12.17,cents per kilowatt-hour
4359,,,OK,0.0,cents per kilowatt-hour
4364,,,OR,12.55,cents per kilowatt-hour
4365,,,OR,11.46,cents per kilowatt-hour
4370,,,PA,18.36,cents per kilowatt-hour
4371,,,PA,8.65,cents per kilowatt-hour
4376,,,NEW,27.36,cents per kilowatt-hour
4377,,,NEW,13.34,cents per kilowatt-hour
4382,,,MAT,19.68,cents per kilowatt-hour
4383,,,MAT,13.21,cents per kilowatt-hour
4388,,,ENC,15.75,cents per kilowatt-hour
4389,,,ENC,10.19,cents per kilowatt-hour
4392,,,KY,12.79,cents per kilowatt-hour
4393,,,KY,0.0,cents per kilowatt-hour
4398,,,LA,11.2,cents per kilowatt-hour
4399,,,LA,10.51,cents per kilowatt-hour
4404,,,ME,28.61,cents per kilowatt-hour
4405,,,ME,0.0,cents per kilowatt-hour
4410,,,MD,15.92,cents per kilowatt-hour
4411,,,MD,11.18,cents per kilowatt-hour
4416,,,MA,32.36,cents per kilowatt-hour
4417,,,MA,7.5,cents per kilowatt-hour
4422,,,MI,18.41,cents per kilowatt-hour
4423,,,MI,13.6,cents per kilowatt-hour
4428,,,MN,14.71,cents per kilowatt-hour
4429,,,MN,12.44,cents per kilowatt-hour
4434,,,MS,13.9,cents per kilowatt-hour
4435,,,MS,0.0,cents per kilowatt-hour
4440,,,MO,11.79,cents per kilowatt-hour
4441,,,MO,7.88,cents per kilowatt-hour
4446,,,MT,12.26,cents per kilowatt-hour
4447,,,MT,0.0,cents per kilowatt-hour
4452,,,NE,11.19,cents per kilowatt-hour
4453,,,NE,0.0,cents per kilowatt-hour
4458,,,NV,17.59,cents per kilowatt-hour
4459,,,NV,13.15,cents per kilowatt-hour
4464,,,NH,30.8,cents per kilowatt-hour
4465,,,NH,0.0,cents per kilowatt-hour
4470,,,NJ,17.37,cents per kilowatt-hour
4471,,,NJ,12.48,cents per kilowatt-hour
4476,,,NM,13.43,cents per kilowatt-hour
4477,,,NM,0.0,cents per kilowatt-hour
4480,,,ENC,7.19,cents per kilowatt-hour
4485,,,WNC,13.95,cents per kilowatt-hour
4486,,,WNC,13.01,cents per kilowatt-hour
4491,,,SAT,14.86,cents per kilowatt-hour
4492,,,SAT,9.94,cents per kilowatt-hour
4497,,,ESC,12.97,cents per kilowatt-hour
4498,,,ESC,0.0,cents per kilowatt-hour
4503,,,WSC,13.96,cents per kilowatt-hour
4504,,,WSC,7.68,cents per kilowatt-hour
4509,,,MTN,14.34,cents per kilowatt-hour
4510,,,MTN,13.87,cents per kilowatt-hour
4515,,,PACC,24.29,cents per kilowatt-hour
4516,,,PACC,14.61,cents per kilowatt-hour
4521,,,PACN,34.92,cents per kilowatt-hour
4522,,,PACN,0.0,cents per kilowatt-hour
4535,,,WNC,11.81,cents per kilowatt-hour
4536,,,WNC,9.16,cents per kilowatt-hour
4541,,,SAT,13.95,cents per kilowatt-hour
4542,,,SAT,10.05,cents per kilowatt-hour
4547,,,ESC,12.95,cents per kilowatt-hour
4548,,,ESC,0.0,cents per kilowatt-hour
4553,,,WSC,13.11,cents per kilowatt-hour
4554,,,WSC,8.37,cents per kilowatt-hour
4559,,,MTN,13.33,cents per kilowatt-hour
4560,,,MTN,10.72,cents per kilowatt-hour
4565,,,PACC,21.11,cents per kilowatt-hour
4566,,,PACC,16.01,cents per kilowatt-hour
4571,,,PACN,34.01,cents per kilowatt-hour
4572,,,PACN,0.0,cents per kilowatt-hour
4577,,,US,15.47,cents per kilowatt-hour
4578,,,US,12.64,cents per kilowatt-hour
4579,,,US,16.27,cents per kilowatt-hour
4580,,,US,14.45,cents per kilowatt-hour
4581,,,SC,13.26,cents per kilowatt-hour
4582,,,SC,0.0,cents per kilowatt-hour
4587,,,SD,11.8,cents per kilowatt-hour
4588,,,SD,0.0,cents per kilowatt-hour
4593,,,TN,12.11,cents per kilowatt-hour
4594,,,TN,0.0,cents per kilowatt-hour
4599,,,TX,14.64,cents per kilowatt-hour
4600,,,TX,8.97,cents per kilowatt-hour
4605,,,UT,10.87,cents per kilowatt-hour
4606,,,UT,12.08,cents per kilowatt-hour
4607,,,ME,25.92,cents per kilowatt-hour
4608,,,ME,0.0,cents per kilowatt-hour
4613,,,MD,17.5,cents per kilowatt-hour
4614,,,MD,11.19,cents per kilowatt-hour
4619,,,MA,28.39,cents per kilowatt-hour
4620,,,MA,9.83,cents per kilowatt-hour
4625,,,MI,18.34,cents per kilowatt-hour
4626,,,MI,13.78,cents per kilowatt-hour
4631,,,MN,14.04,cents per kilowatt-hour
4632,,,MN,11.31,cents per kilowatt-hour
4637,,,MS,12.72,cents per kilowatt-hour
4638,,,MS,0.0,cents per kilowatt-hour
4643,,,MO,11.06,cents per kilowatt-hour
4644,,,MO,7.7,cents per kilowatt-hour
4649,,,MT,11.98,cents per kilowatt-hour
4650,,,MT,0.0,cents per kilowatt-hour
4655,,,NE,9.85,cents per kilowatt-hour
4656,,,NE,0.0,cents per kilowatt-hour
4661,,,NV,16.38,cents per kilowatt-hour
4662,,,NV,11.88,cents per kilowatt-hour
4667,,,NH,25.11,cents per kilowatt-hour
4668,,,NH,0.0,cents per kilowatt-hour
4673,,,NJ,17.97,cents per kilowatt-hour
4674,,,NJ,11.59,cents per kilowatt-hour
4679,,,NM,13.76,cents per kilowatt-hour
4680,,,NM,0.0,cents per kilowatt-hour
4685,,,NY,23.54,cents per kilowatt-hour
4686,,,NY,14.11,cents per kilowatt-hour
4691,,,NC,13.05,cents per kilowatt-hour
4692,,,NC,8.97,cents per kilowatt-hour
4697,,,ND,9.88,cents per kilowatt-hour
4698,,,ND,0.0,cents per kilowatt-hour
4703,,,OH,15.69,cents per kilowatt-hour
4704,,,OH,6.59,cents per kilowatt-hour
4709,,,OK,10.62,cents per kilowatt-hour
4710,,,OK,0.0,cents per kilowatt-hour
4715,,,OR,13.84,cents per kilowatt-hour
4716,,,OR,12.19,cents per kilowatt-hour
4719,,,ENC,15.99,cents per kilowatt-hour
4724,,,AL,14.41,cents per kilowatt-hour
4725,,,AL,0.0,cents per kilowatt-hour
4730,,,AL,14.48,cents per kilowatt-hour
4731,,,AL,0.0,cents per kilowatt-hour
4736,,,AK,24.96,cents per kilowatt-hour
4737,,,AK,0.0,cents per kilowatt-hour
4742,,,AZ,14.13,cents per kilowatt-hour
4743,,,AZ,11.25,cents per kilowatt-hour
4748,,,AR,12.53,cents per kilowatt-hour
4749,,,AR,16.13,cents per kilowatt-hour
4754,,,CA,29.46,cents per kilowatt-hour
4755,,,CA,13.2,cents per kilowatt-hour
4760,,,CO,14.14,cents per kilowatt-hour
4761,,,CO,14.15,cents per kilowatt-hour
4766,,,CT,26.63,cents per kilowatt-hour
4767,,,CT,22.48,cents per kilowatt-hour
4772,,,DE,15.09,cents per kilowatt-hour
4773,,,DE,0.0,cents per kilowatt-hour
4778,,,DC,16.61,cents per kilowatt-hour
4779,,,DC,9.19,cents per kilowatt-hour
4784,,,FL,14.94,cents per kilowatt-hour
4785,,,FL,11.16,cents per kilowatt-hour
4790,,,GA,14.33,cents per kilowatt-hour
4791,,,GA,8.39,cents per kilowatt-hour
4796,,,HI,39.7,cents per kilowatt-hour
4797,,,HI,0.0,cents per kilowatt-hour
4802,,,ID,11.76,cents per kilowatt-hour
4803,,,ID,0.0,cents per kilowatt-hour
4808,,,IL,14.81,cents per kilowatt-hour
4809,,,IL,6.78,cents per kilowatt-hour
4814,,,IN,14.47,cents per kilowatt-hour
4815,,,IN,10.62,cents per kilowatt-hour
4820,,,IA,15.17,cents per kilowatt-hour
4821,,,IA,0.0,cents per kilowatt-hour
4826,,,KS,13.48,cents per kilowatt-hour
4827,,,KS,0.0,cents per kilowatt-hour
4832,,,KY,12.51,cents per kilowatt-hour
4833,,,KY,0.0,cents per kilowatt-hour
